PRBTD F1,PRBTD rep dis,PRBTD noise,TD F1,TD rep dis,TD noise,CNB F1,CNB rep dis,CNB noise,WEI F1,WEI rep dis,WEI noise
0.988888889,0.38745791,0.057971014,0.977777778,0.295083576,1.970998532,0.9555555555555556,0.12650002322633402,1.760337213970293,0.9666666666666668,0.1004214600127359,1.656498673740053
