PRBTD F1,PRBTD rep dis,PRBTD denoise(pp),DTI F1,DTI rep dis,DTI denoise(pp),TD F1,TD rep dis,TD denoise(pp),CNB F1,CNB rep dis,CNB denoise(pp),WEI F1,WEI rep dis,WEI denoise(pp)
0.9666666666666668,0.231047358137363,0.6353200883002208,0.9888888888888889,0.15446897585782587,0.48182487122884476,0.9777777777777776,0.2950835764383829,0.2098601913171449,0.9777777777777776,0.1505347896245965,0.4578366445916115,0.9666666666666668,0.1004214600127359,0.6323767476085357
