PRBTD acc,PRBTD rep dis,PRBTD noise,TD acc,TD rep dis,TD noise,PB acc,PB rep dis,PB noise,DA acc,DA rep dis,DA noise
0.9,0.3874579101808817,0.0579710144927536,0.8,0.2950835764383829,1.9709985315712188,0.6,0.126500023226334,1.760337213970293,0.7,0.1004214600127359,1.656498673740053
