PRBTD acc,PRBTD rep dis,PRBTD noise,TD acc,TD rep dis,TD noise,PB acc,PB rep dis,PB noise,DA acc,DA rep dis,DA noise
0.9,0.37216931205560366,0.09113453192808431,0.8,0.2952988820227076,2.023861967694567,0.6,0.1133256671789524,1.8192090395480225,0.7,0.092702965753078,1.6405013192612137
