PRBTD F1,PRBTD rep dis,PRBTD noise,TD F1,TD rep dis,TD noise,CNB F1,CNB rep dis,CNB noise,WEI F1,WEI rep dis,WEI noise
0.9888888888888888,0.3721693120556036,0.0911345319280843,0.9777777777777776,0.2952988820227076,2.023861967694567,0.9555555555555556,0.11332566717895248,1.8192090395480225,0.9666666666666668,0.092702965753078,1.6405013192612137
