PRBTD F1,PRBTD rep dis,PRBTD noise,TD F1,TD rep dis,TD noise,CNB F1,CNB rep dis,CNB noise,WEI F1,WEI rep dis,WEI noise
1,0.368803606,0.156103286,0.977777778,0.283612627,2.181521739,0.977777778,0.105934064,1.788627451,0.944444444,0.091868383,1.168421053
