PRBTD acc,PRBTD rep dis,PRBTD noise,TD acc,TD rep dis,TD noise,PB acc,PB rep dis,PB noise,DA acc,DA rep dis,DA noise
0.8,0.3438231748053236,0.10630171865054105,0.8,0.2687729006985787,1.9249692496924968,0.6,0.1184655290415189,1.7304545454545457,0.5,0.0911496665725771,1.6506410256410255
