PRBTD F1,PRBTD rep dis,PRBTD noise,TD F1,TD rep dis,TD noise,CNB F1,CNB rep dis,CNB noise,WEI F1,WEI rep dis,WEI noise
0.9777777777777777,0.3438231748053236,0.10630171865054105,0.9777777777777776,0.2687729006985787,1.9249692496924968,0.9555555555555556,0.1184655290415189,1.7304545454545457,0.9444444444444444,0.0911496665725771,1.6506410256410255
